{	"SampleFileName": "mushroom_08012020_120000.csv",
	"LengthOfDateStampInFile": 8,
	"LengthOfTimeStampInFile": 6,
	"NumberofColumns" : 22,
	"ColName": {
				"capshape": "varchar",
				"capsurface": "varchar",
				"capcolor": "varchar",
				"bruises%3F": "varchar",
				"odor": "varchar",
				"gillattachment": "varchar",
				"gillspacing": "varchar",
				"gillsize": "varchar",
				"gillcolor": "varchar",
				"stalkshape": "varchar",
				"stalkroot": "varchar",
				"stalksurfaceabovering": "varchar",
				"stalksurfacebelowring": "varchar",
				"stalkcolorabovering": "varchar",
				"stalkcolorbelowring": "varchar",
				"veiltype": "varchar",
				"veilcolor": "varchar",
				"ringnumber": "varchar",
				"ringtype": "varchar",
				"sporeprintcolor": "varchar",
				"population": "varchar",
				"habitat": "varchar"
	}
}
